Player,Team,Pos,Att_3rd,Mid_3rd,Turnovers,Succ_Rate,HIR_Index
Matthias Seidl,SK Rapid Wien,Attacking Mid,11.2,11.4,3.4,34.5,8.5
Guido Burgstaller,SK Rapid Wien,Striker,13.8,4.6,2.8,32.0,7.2
Dion Beljo,SK Rapid Wien,Striker,9.5,4.6,1.6,26.5,6.1
Mika Biereth,Sturm Graz,Striker,14.2,6.8,3.1,33.2,8.0
William Böving,Sturm Graz,Winger,10.1,7.8,2.4,29.8,7.4
Karim Konate,RB Salzburg,Striker,13.0,6.5,2.9,31.5,8.1
Oscar Gloukh,RB Salzburg,Attacking Mid,8.4,8.4,2.2,30.1,7.0
Dominik Fitz,Austria Wien,Playmaker,5.2,8.3,1.5,24.0,5.8
Andreas Gruber,Austria Wien,Winger,8.6,6.6,1.9,27.5,6.5
Marin Ljubicic,LASK,Striker,10.8,5.7,2.1,28.0,7.3
Thierno Ballo,Wolfsberger AC,Winger,9.9,8.9,2.7,31.0,7.6
